MR_ID,true_class,case,slice_index,slice_path_original,slice_path_portable,CN_logit,MCI_logit,AD_logit,CN_prob_slice,MCI_prob_slice,AD_prob_slice,CN_prob_clip,MCI_prob_clip,AD_prob_clip,true_label_idx,pred_idx
OAS30009_MR_d2457,CN,correct,1885,/content/drive/MyDrive/OASIS3_project/slices_multi_large/OAS30009_MR_d2457_cor076.png,images/OAS30009_MR_d2457_cor076.png,3.66505985830327,-0.9123387728771264,-2.752721085425888,0.9882263873141104,0.010160556124108662,0.0016130565617808932,0.8962251684992633,0.0861412706655983,0.017633560835138378,0,0
OAS30009_MR_d2457,CN,correct,1886,/content/drive/MyDrive/OASIS3_project/slices_multi_large/OAS30009_MR_d2457_cor077.png,images/OAS30009_MR_d2457_cor077.png,2.6753899828155885,-0.23097042493111614,-2.4444195578840295,0.9428167305563834,0.051547901870055764,0.0056353675735607775,0.8962251684992633,0.0861412706655983,0.017633560835138378,0,0
OAS30009_MR_d2457,CN,correct,1887,/content/drive/MyDrive/OASIS3_project/slices_multi_large/OAS30009_MR_d2457_cor078.png,images/OAS30009_MR_d2457_cor078.png,2.3580517049728074,-0.3571394358871142,-2.0009122690853105,0.9267978599307758,0.061346881747322064,0.011855258321902156,0.8962251684992633,0.0861412706655983,0.017633560835138378,0,0
OAS30009_MR_d2457,CN,correct,1888,/content/drive/MyDrive/OASIS3_project/slices_multi_large/OAS30009_MR_d2457_cor079.png,images/OAS30009_MR_d2457_cor079.png,2.1420692474342826,0.10185033335905896,-2.2439195807932406,0.8753112020022098,0.11379067410678621,0.010898123891004063,0.8962251684992633,0.0861412706655983,0.017633560835138378,0,0
OAS30009_MR_d2457,CN,correct,1889,/content/drive/MyDrive/OASIS3_project/slices_multi_large/OAS30009_MR_d2457_cor080.png,images/OAS30009_MR_d2457_cor080.png,1.9630379850610082,0.1881966268079291,-2.151234611868554,0.8432782834521989,0.14294438751615854,0.013777329031642653,0.8962251684992633,0.0861412706655983,0.017633560835138378,0,0
OAS30009_MR_d2457,CN,correct,1890,/content/drive/MyDrive/OASIS3_project/slices_multi_large/OAS30009_MR_d2457_cor081.png,images/OAS30009_MR_d2457_cor081.png,2.1264627801941116,0.39718764080573493,-2.5236504209991226,0.8424788039649763,0.14946666091118674,0.008054535123837131,0.8962251684992633,0.0861412706655983,0.017633560835138378,0,0
OAS30009_MR_d2457,CN,correct,1891,/content/drive/MyDrive/OASIS3_project/slices_multi_large/OAS30009_MR_d2457_cor082.png,images/OAS30009_MR_d2457_cor082.png,1.7813118763314333,0.1083449612947937,-1.8896568376257847,0.8243063661429629,0.15471355103929202,0.020980082817745008,0.8962251684992633,0.0861412706655983,0.017633560835138378,0,0
OAS30009_MR_d2457,CN,correct,1892,/content/drive/MyDrive/OASIS3_project/slices_multi_large/OAS30009_MR_d2457_cor083.png,images/OAS30009_MR_d2457_cor083.png,1.894885065408169,0.4893823874792495,-2.3842674528869274,0.7942192621980986,0.1947773076773529,0.011003430124548491,0.8962251684992633,0.0861412706655983,0.017633560835138378,0,0
OAS30009_MR_d2457,CN,correct,1893,/content/drive/MyDrive/OASIS3_project/slices_multi_large/OAS30009_MR_d2457_cor084.png,images/OAS30009_MR_d2457_cor084.png,2.2305485124495377,-0.02985963066812608,-2.200688881781051,0.8958906450733894,0.09344847496433435,0.01066087996227622,0.8962251684992633,0.0861412706655983,0.017633560835138378,0,0
OAS30009_MR_d2457,CN,correct,1894,/content/drive/MyDrive/OASIS3_project/slices_multi_large/OAS30009_MR_d2457_cor085.png,images/OAS30009_MR_d2457_cor085.png,1.99054553786099,-0.17779201183517307,-1.8127535260255532,0.8797669333600106,0.10061682339421954,0.019616243245769986,0.8962251684992633,0.0861412706655983,0.017633560835138378,0,0
OAS30009_MR_d2457,CN,correct,1895,/content/drive/MyDrive/OASIS3_project/slices_multi_large/OAS30009_MR_d2457_cor086.png,images/OAS30009_MR_d2457_cor086.png,1.7252252390832008,-0.38591969797816766,-1.3393055411047627,0.8563293633797644,0.1037008316921896,0.03996980492804612,0.8962251684992633,0.0861412706655983,0.017633560835138378,0,0
OAS30009_MR_d2457,CN,correct,1896,/content/drive/MyDrive/OASIS3_project/slices_multi_large/OAS30009_MR_d2457_cor087.png,images/OAS30009_MR_d2457_cor087.png,2.7715498398414464,-0.6815268056820047,-2.0900230341590773,0.9621060862371882,0.030448845408441776,0.007445068354370194,0.8962251684992633,0.0861412706655983,0.017633560835138378,0,0
OAS30009_MR_d2457,CN,correct,1897,/content/drive/MyDrive/OASIS3_project/slices_multi_large/OAS30009_MR_d2457_cor088.png,images/OAS30009_MR_d2457_cor088.png,2.0416939894422694,-0.3701314298121023,-1.6715625596298196,0.8976262356788447,0.08047353268047219,0.021900231640683086,0.8962251684992633,0.0861412706655983,0.017633560835138378,0,0
OAS30009_MR_d2457,CN,correct,1898,/content/drive/MyDrive/OASIS3_project/slices_multi_large/OAS30009_MR_d2457_cor089.png,images/OAS30009_MR_d2457_cor089.png,3.288856223989723,-0.5407147230428793,-2.748141500946363,0.9764598458864134,0.021207665192114717,0.0023324889214718747,0.8962251684992633,0.0861412706655983,0.017633560835138378,0,0
OAS30009_MR_d2457,CN,correct,1899,/content/drive/MyDrive/OASIS3_project/slices_multi_large/OAS30009_MR_d2457_cor090.png,images/OAS30009_MR_d2457_cor090.png,2.1535342487152738,-0.3049921863940423,-1.8485420623205862,0.9059295550037294,0.07751218222851976,0.016558262767750905,0.8962251684992633,0.0861412706655983,0.017633560835138378,0,0
OAS30009_MR_d2457,CN,correct,1900,/content/drive/MyDrive/OASIS3_project/slices_multi_large/OAS30009_MR_d2457_cor091.png,images/OAS30009_MR_d2457_cor091.png,2.228563082740568,-0.5886223832587907,-1.6399406994814125,0.9253573936966215,0.05531225915256229,0.01933034715081626,0.8962251684992633,0.0861412706655983,0.017633560835138378,0,0
OAS30009_MR_d2457,CN,correct,1901,/content/drive/MyDrive/OASIS3_project/slices_multi_large/OAS30009_MR_d2457_cor092.png,images/OAS30009_MR_d2457_cor092.png,1.7724139663106757,-0.640237537253197,-1.1321764290570093,0.873859526482139,0.07827812066045671,0.04786235285740413,0.8962251684992633,0.0861412706655983,0.017633560835138378,0,0
OAS30009_MR_d2457,CN,correct,1902,/content/drive/MyDrive/OASIS3_project/slices_multi_large/OAS30009_MR_d2457_cor093.png,images/OAS30009_MR_d2457_cor093.png,2.1722551249076845,-0.4618804803829823,-1.710374644524252,0.915434387272759,0.06571078633067523,0.018854826396565695,0.8962251684992633,0.0861412706655983,0.017633560835138378,0,0
OAS30009_MR_d2457,CN,correct,1903,/content/drive/MyDrive/OASIS3_project/slices_multi_large/OAS30009_MR_d2457_cor094.png,images/OAS30009_MR_d2457_cor094.png,2.1735394095719047,-0.5225158191590658,-1.6510235904124184,0.9180214897639505,0.061939962612989584,0.020038547623059857,0.8962251684992633,0.0861412706655983,0.017633560835138378,0,0
OAS30009_MR_d2457,CN,correct,1904,/content/drive/MyDrive/OASIS3_project/slices_multi_large/OAS30009_MR_d2457_cor095.png,images/OAS30009_MR_d2457_cor095.png,2.110879440713863,-0.5809431112615067,-1.5299363294517918,0.9140865814556927,0.0619360711785491,0.023977347365758146,0.8962251684992633,0.0861412706655983,0.017633560835138378,0,0
OAS30009_MR_d2457,CN,correct,1905,/content/drive/MyDrive/OASIS3_project/slices_multi_large/OAS30009_MR_d2457_cor096.png,images/OAS30009_MR_d2457_cor096.png,2.3365285775451023,-0.49234966606891956,-1.8441789114757294,0.9307808298457582,0.05498968335362564,0.014229486800616142,0.8962251684992633,0.0861412706655983,0.017633560835138378,0,0
OAS30009_MR_d2457,CN,correct,1906,/content/drive/MyDrive/OASIS3_project/slices_multi_large/OAS30009_MR_d2457_cor097.png,images/OAS30009_MR_d2457_cor097.png,1.610457626929509,-0.14834613302966387,-1.4621114938997115,0.8206455780441724,0.14135685234860246,0.037997569607225334,0.8962251684992633,0.0861412706655983,0.017633560835138378,0,0
OAS30009_MR_d2457,CN,correct,1907,/content/drive/MyDrive/OASIS3_project/slices_multi_large/OAS30009_MR_d2457_cor098.png,images/OAS30009_MR_d2457_cor098.png,2.189221457224897,-0.12155389372488457,-2.067667563499735,0.8981896433700919,0.08908632818476071,0.012724028445147254,0.8962251684992633,0.0861412706655983,0.017633560835138378,0,0
OAS30009_MR_d2457,CN,correct,1908,/content/drive/MyDrive/OASIS3_project/slices_multi_large/OAS30009_MR_d2457_cor099.png,images/OAS30009_MR_d2457_cor099.png,2.1058605326616053,-0.25433367601341467,-1.8515268566478924,0.8980571570759006,0.08477829093569492,0.0171645519884045,0.8962251684992633,0.0861412706655983,0.017633560835138378,0,0
OAS30009_MR_d2457,CN,correct,1909,/content/drive/MyDrive/OASIS3_project/slices_multi_large/OAS30009_MR_d2457_cor100.png,images/OAS30009_MR_d2457_cor100.png,2.244778418528966,-0.5340210440167701,-1.710757374512256,0.9248457079608388,0.057444970734297614,0.01770932130486366,0.8962251684992633,0.0861412706655983,0.017633560835138378,0,0
OAS30009_MR_d2457,CN,correct,1910,/content/drive/MyDrive/OASIS3_project/slices_multi_large/OAS30009_MR_d2457_cor101.png,images/OAS30009_MR_d2457_cor101.png,1.879581985919721,-0.2584465218953947,-1.6211354640241935,0.8710325258318664,0.10268343526078601,0.026284038907347648,0.8962251684992633,0.0861412706655983,0.017633560835138378,0,0
OAS30302_MR_d0262,CN,incorrect,4067,/content/drive/MyDrive/OASIS3_project/slices_multi_large/OAS30302_MR_d0262_cor076.png,images/OAS30302_MR_d0262_cor076.png,-0.2045596091068721,-0.005904396165190839,0.21046400527206333,0.2677972826919959,0.32664877117092117,0.40555394613708307,0.33663705962667334,0.2923504430294383,0.3710124973438883,0,2
OAS30302_MR_d0262,CN,incorrect,4068,/content/drive/MyDrive/OASIS3_project/slices_multi_large/OAS30302_MR_d0262_cor077.png,images/OAS30302_MR_d0262_cor077.png,-0.6179970374582503,0.19501379156980075,0.4229832458882842,0.1642932302343137,0.3704296875510089,0.46527708221467734,0.33663705962667334,0.2923504430294383,0.3710124973438883,0,2
OAS30302_MR_d0262,CN,incorrect,4069,/content/drive/MyDrive/OASIS3_project/slices_multi_large/OAS30302_MR_d0262_cor078.png,images/OAS30302_MR_d0262_cor078.png,-0.4058573460010796,0.40341970158814083,0.00243764441293004,0.21050263850647122,0.4728485916865226,0.3166487698070062,0.33663705962667334,0.2923504430294383,0.3710124973438883,0,2
OAS30302_MR_d0262,CN,incorrect,4070,/content/drive/MyDrive/OASIS3_project/slices_multi_large/OAS30302_MR_d0262_cor079.png,images/OAS30302_MR_d0262_cor079.png,-0.6164133475831787,0.2685421742887895,0.3478711732943903,0.1654044386153571,0.400754547838939,0.43384101354570387,0.33663705962667334,0.2923504430294383,0.3710124973438883,0,2
OAS30302_MR_d0262,CN,incorrect,4071,/content/drive/MyDrive/OASIS3_project/slices_multi_large/OAS30302_MR_d0262_cor080.png,images/OAS30302_MR_d0262_cor080.png,0.6140675549672726,-0.07801656703678522,-0.5360509879300893,0.5503180416429897,0.27545168650562685,0.1742302718513834,0.33663705962667334,0.2923504430294383,0.3710124973438883,0,2
OAS30302_MR_d0262,CN,incorrect,4072,/content/drive/MyDrive/OASIS3_project/slices_multi_large/OAS30302_MR_d0262_cor081.png,images/OAS30302_MR_d0262_cor081.png,-0.11015069035474523,0.07392011669648152,0.03623057365858029,0.297642220595214,0.3577959923592181,0.34456178704556795,0.33663705962667334,0.2923504430294383,0.3710124973438883,0,2
OAS30302_MR_d0262,CN,incorrect,4073,/content/drive/MyDrive/OASIS3_project/slices_multi_large/OAS30302_MR_d0262_cor082.png,images/OAS30302_MR_d0262_cor082.png,-0.42588986109486215,0.1260465598450668,0.2998433012502296,0.208209361352801,0.3615789955777319,0.4302116430694671,0.33663705962667334,0.2923504430294383,0.3710124973438883,0,2
OAS30302_MR_d0262,CN,incorrect,4074,/content/drive/MyDrive/OASIS3_project/slices_multi_large/OAS30302_MR_d0262_cor083.png,images/OAS30302_MR_d0262_cor083.png,0.13951055252140676,-0.30168101089595584,0.16217045837493405,0.37506731619635886,0.24126935290572435,0.3836633308979168,0.33663705962667334,0.2923504430294383,0.3710124973438883,0,2
OAS30302_MR_d0262,CN,incorrect,4075,/content/drive/MyDrive/OASIS3_project/slices_multi_large/OAS30302_MR_d0262_cor084.png,images/OAS30302_MR_d0262_cor084.png,0.37647251705518825,-0.5613259760537297,0.1848534589989742,0.45103759678417177,0.17657614611356331,0.3723862571022649,0.33663705962667334,0.2923504430294383,0.3710124973438883,0,2
OAS30302_MR_d0262,CN,incorrect,4076,/content/drive/MyDrive/OASIS3_project/slices_multi_large/OAS30302_MR_d0262_cor085.png,images/OAS30302_MR_d0262_cor085.png,0.09453863474410762,0.060530342515023844,-0.155068977258617,0.36420983854792166,0.3520319325075158,0.2837582289445625,0.33663705962667334,0.2923504430294383,0.3710124973438883,0,2
OAS30302_MR_d0262,CN,incorrect,4077,/content/drive/MyDrive/OASIS3_project/slices_multi_large/OAS30302_MR_d0262_cor086.png,images/OAS30302_MR_d0262_cor086.png,0.3571533591778314,-0.48491949629361303,0.12776613711643725,0.44926915566948694,0.19355259968028168,0.3571782446502314,0.33663705962667334,0.2923504430294383,0.3710124973438883,0,2
OAS30302_MR_d0262,CN,incorrect,4078,/content/drive/MyDrive/OASIS3_project/slices_multi_large/OAS30302_MR_d0262_cor087.png,images/OAS30302_MR_d0262_cor087.png,-0.12562786633375322,0.12709062933707008,-0.0014627630030329408,0.29242129656856497,0.3764984967650341,0.33108020666640087,0.33663705962667334,0.2923504430294383,0.3710124973438883,0,2
OAS30302_MR_d0262,CN,incorrect,4079,/content/drive/MyDrive/OASIS3_project/slices_multi_large/OAS30302_MR_d0262_cor088.png,images/OAS30302_MR_d0262_cor088.png,0.37024497140330637,-0.3988734677087869,0.02862849630571096,0.4599726899445053,0.2131611982810628,0.32686611177443203,0.33663705962667334,0.2923504430294383,0.3710124973438883,0,2
OAS30302_MR_d0262,CN,incorrect,4080,/content/drive/MyDrive/OASIS3_project/slices_multi_large/OAS30302_MR_d0262_cor089.png,images/OAS30302_MR_d0262_cor089.png,-0.1252903490300924,-0.5385188672799031,0.6638092163105019,0.258871232180069,0.1712461930907613,0.5698825747291697,0.33663705962667334,0.2923504430294383,0.3710124973438883,0,2
OAS30302_MR_d0262,CN,incorrect,4081,/content/drive/MyDrive/OASIS3_project/slices_multi_large/OAS30302_MR_d0262_cor090.png,images/OAS30302_MR_d0262_cor090.png,0.2622275108800157,0.4643883809622003,-0.7266158918419109,0.38520035450836104,0.47150253113905816,0.14329711435258072,0.33663705962667334,0.2923504430294383,0.3710124973438883,0,2
OAS30302_MR_d0262,CN,incorrect,4082,/content/drive/MyDrive/OASIS3_project/slices_multi_large/OAS30302_MR_d0262_cor091.png,images/OAS30302_MR_d0262_cor091.png,0.4363036323129367,-0.07782564761124999,-0.35847798470142245,0.48787605076466295,0.2917601612942519,0.22036378794108513,0.33663705962667334,0.2923504430294383,0.3710124973438883,0,2
OAS30302_MR_d0262,CN,incorrect,4083,/content/drive/MyDrive/OASIS3_project/slices_multi_large/OAS30302_MR_d0262_cor092.png,images/OAS30302_MR_d0262_cor092.png,0.13149608027532456,-0.4229153903184006,0.29141931004328414,0.3639233995774735,0.2090413196660924,0.42703528075643404,0.33663705962667334,0.2923504430294383,0.3710124973438883,0,2
OAS30302_MR_d0262,CN,incorrect,4084,/content/drive/MyDrive/OASIS3_project/slices_multi_large/OAS30302_MR_d0262_cor093.png,images/OAS30302_MR_d0262_cor093.png,0.14810924769181566,-0.22093057241997072,0.0728213247284385,0.3818434530910762,0.26400575333333853,0.35415079357558527,0.33663705962667334,0.2923504430294383,0.3710124973438883,0,2
OAS30302_MR_d0262,CN,incorrect,4085,/content/drive/MyDrive/OASIS3_project/slices_multi_large/OAS30302_MR_d0262_cor094.png,images/OAS30302_MR_d0262_cor094.png,0.5827400946138767,-0.13536998016660223,-0.4473701144470549,0.5421110013864339,0.26437292611739327,0.19351607249617278,0.33663705962667334,0.2923504430294383,0.3710124973438883,0,2
OAS30302_MR_d0262,CN,incorrect,4086,/content/drive/MyDrive/OASIS3_project/slices_multi_large/OAS30302_MR_d0262_cor095.png,images/OAS30302_MR_d0262_cor095.png,-0.3901765282085411,-0.1956567788069034,0.585833307015409,0.20539898300576392,0.2495037875399998,0.5450972294542363,0.33663705962667334,0.2923504430294383,0.3710124973438883,0,2
OAS30302_MR_d0262,CN,incorrect,4087,/content/drive/MyDrive/OASIS3_project/slices_multi_large/OAS30302_MR_d0262_cor096.png,images/OAS30302_MR_d0262_cor096.png,-0.24424904022241323,-0.16849132453989007,0.4127403647623423,0.24952108123017222,0.2691586872811014,0.48132023148872627,0.33663705962667334,0.2923504430294383,0.3710124973438883,0,2
OAS30302_MR_d0262,CN,incorrect,4088,/content/drive/MyDrive/OASIS3_project/slices_multi_large/OAS30302_MR_d0262_cor097.png,images/OAS30302_MR_d0262_cor097.png,-0.7831562362856211,-0.12210216624521625,0.9052584025308436,0.1197930671458906,0.23201914360771178,0.6481877892463975,0.33663705962667334,0.2923504430294383,0.3710124973438883,0,2
OAS30302_MR_d0262,CN,incorrect,4089,/content/drive/MyDrive/OASIS3_project/slices_multi_large/OAS30302_MR_d0262_cor098.png,images/OAS30302_MR_d0262_cor098.png,0.2152167413273377,-0.25168581779332616,0.0364690764660639,0.4059663935688887,0.25451704866163377,0.3395165577694776,0.33663705962667334,0.2923504430294383,0.3710124973438883,0,2
OAS30302_MR_d0262,CN,incorrect,4090,/content/drive/MyDrive/OASIS3_project/slices_multi_large/OAS30302_MR_d0262_cor099.png,images/OAS30302_MR_d0262_cor099.png,0.43107231539264984,-0.14778815179845323,-0.28328416359414976,0.487794462733003,0.2734267241671987,0.23877881309979848,0.33663705962667334,0.2923504430294383,0.3710124973438883,0,2
OAS30302_MR_d0262,CN,incorrect,4091,/content/drive/MyDrive/OASIS3_project/slices_multi_large/OAS30302_MR_d0262_cor100.png,images/OAS30302_MR_d0262_cor100.png,0.27742742235903034,-0.34096387240453757,0.06353645004553166,0.4262125961366382,0.22964783400031238,0.3441395698630495,0.33663705962667334,0.2923504430294383,0.3710124973438883,0,2
OAS30302_MR_d0262,CN,incorrect,4092,/content/drive/MyDrive/OASIS3_project/slices_multi_large/OAS30302_MR_d0262_cor101.png,images/OAS30302_MR_d0262_cor101.png,-0.5167193632006944,-0.008753809458699802,0.5254731726593774,0.18190636761492038,0.30231140992339345,0.5157822224616861,0.33663705962667334,0.2923504430294383,0.3710124973438883,0,2
OAS30217_MR_d0077,MCI,correct,2159,/content/drive/MyDrive/OASIS3_project/slices_multi_large/OAS30217_MR_d0077_cor072.png,images/OAS30217_MR_d0077_cor072.png,1.3194234440757704,-0.06312688512995518,-1.256296558945687,0.7535586199552632,0.18909631392070722,0.05734506612402959,0.33011713645266644,0.44815352542550263,0.22172933812183096,1,1
OAS30217_MR_d0077,MCI,correct,2160,/content/drive/MyDrive/OASIS3_project/slices_multi_large/OAS30217_MR_d0077_cor073.png,images/OAS30217_MR_d0077_cor073.png,0.5004362798942421,0.5204424761459718,-1.0208787560402537,0.44670135370615893,0.45572814344033774,0.09757050285350322,0.33011713645266644,0.44815352542550263,0.22172933812183096,1,1
OAS30217_MR_d0077,MCI,correct,2161,/content/drive/MyDrive/OASIS3_project/slices_multi_large/OAS30217_MR_d0077_cor074.png,images/OAS30217_MR_d0077_cor074.png,0.728055714893275,0.3549095785550563,-1.082965293448186,0.5399417215254544,0.3717847561435457,0.0882735223309998,0.33011713645266644,0.44815352542550263,0.22172933812183096,1,1
OAS30217_MR_d0077,MCI,correct,2162,/content/drive/MyDrive/OASIS3_project/slices_multi_large/OAS30217_MR_d0077_cor075.png,images/OAS30217_MR_d0077_cor075.png,0.5194522684308785,0.20004215310219414,-0.7194944215327231,0.49596613447294036,0.3603578378499845,0.1436760276770752,0.33011713645266644,0.44815352542550263,0.22172933812183096,1,1
OAS30217_MR_d0077,MCI,correct,2163,/content/drive/MyDrive/OASIS3_project/slices_multi_large/OAS30217_MR_d0077_cor076.png,images/OAS30217_MR_d0077_cor076.png,1.3697999006717052,0.23596582820802198,-1.6057657288795095,0.7284299173854073,0.2344066311726689,0.037163451441923824,0.33011713645266644,0.44815352542550263,0.22172933812183096,1,1
OAS30217_MR_d0077,MCI,correct,2164,/content/drive/MyDrive/OASIS3_project/slices_multi_large/OAS30217_MR_d0077_cor077.png,images/OAS30217_MR_d0077_cor077.png,0.697871887233807,0.7499781624831257,-1.447850049716609,0.4607294387822699,0.4853727950489386,0.05389776616879143,0.33011713645266644,0.44815352542550263,0.22172933812183096,1,1
OAS30217_MR_d0077,MCI,correct,2165,/content/drive/MyDrive/OASIS3_project/slices_multi_large/OAS30217_MR_d0077_cor078.png,images/OAS30217_MR_d0077_cor078.png,0.0941921519734138,0.6995674678936357,-0.7937596198669038,0.30831487916181677,0.5648142475010153,0.12687087333716798,0.33011713645266644,0.44815352542550263,0.22172933812183096,1,1
OAS30217_MR_d0077,MCI,correct,2166,/content/drive/MyDrive/OASIS3_project/slices_multi_large/OAS30217_MR_d0077_cor079.png,images/OAS30217_MR_d0077_cor079.png,0.400074397014221,0.19442712296303782,-0.5945015199771079,0.4578753618168423,0.3727655751665438,0.1693590630166139,0.33011713645266644,0.44815352542550263,0.22172933812183096,1,1
OAS30217_MR_d0077,MCI,correct,2167,/content/drive/MyDrive/OASIS3_project/slices_multi_large/OAS30217_MR_d0077_cor080.png,images/OAS30217_MR_d0077_cor080.png,0.4808803896434587,0.4095210936525493,-0.8904014832957045,0.4576850246252248,0.42616301286312447,0.1161519625116507,0.33011713645266644,0.44815352542550263,0.22172933812183096,1,1
OAS30217_MR_d0077,MCI,correct,2168,/content/drive/MyDrive/OASIS3_project/slices_multi_large/OAS30217_MR_d0077_cor081.png,images/OAS30217_MR_d0077_cor081.png,-0.41890972316719954,0.22143988220463,0.19746984096293307,0.210554947028318,0.39945305760849176,0.3899919953631902,0.33011713645266644,0.44815352542550263,0.22172933812183096,1,1
OAS30217_MR_d0077,MCI,correct,2169,/content/drive/MyDrive/OASIS3_project/slices_multi_large/OAS30217_MR_d0077_cor082.png,images/OAS30217_MR_d0077_cor082.png,-0.555299870442206,0.5046671998747287,0.050632670567743676,0.17484850833638574,0.5046610433770856,0.32049044828652856,0.33011713645266644,0.44815352542550263,0.22172933812183096,1,1
OAS30217_MR_d0077,MCI,correct,2170,/content/drive/MyDrive/OASIS3_project/slices_multi_large/OAS30217_MR_d0077_cor083.png,images/OAS30217_MR_d0077_cor083.png,-0.41353924804758624,0.4923866771140953,-0.07884742906627629,0.20526583050333186,0.5078731940612505,0.28686097543541766,0.33011713645266644,0.44815352542550263,0.22172933812183096,1,1
OAS30217_MR_d0077,MCI,correct,2171,/content/drive/MyDrive/OASIS3_project/slices_multi_large/OAS30217_MR_d0077_cor084.png,images/OAS30217_MR_d0077_cor084.png,-0.7057797115884411,0.47281800054487205,0.2329617110436767,0.14691676059641479,0.4774521206882076,0.3756311187153778,0.33011713645266644,0.44815352542550263,0.22172933812183096,1,1
OAS30217_MR_d0077,MCI,correct,2172,/content/drive/MyDrive/OASIS3_project/slices_multi_large/OAS30217_MR_d0077_cor085.png,images/OAS30217_MR_d0077_cor085.png,-0.2509242112714828,0.07357575602262381,0.17734845524907195,0.25523596041783286,0.35307779658073885,0.39168624300142824,0.33011713645266644,0.44815352542550263,0.22172933812183096,1,1
OAS30217_MR_d0077,MCI,correct,2173,/content/drive/MyDrive/OASIS3_project/slices_multi_large/OAS30217_MR_d0077_cor086.png,images/OAS30217_MR_d0077_cor086.png,0.24176244259697321,0.37666714032258103,-0.6184295829192691,0.389482637566478,0.4457347240037697,0.16478263842975222,0.33011713645266644,0.44815352542550263,0.22172933812183096,1,1
OAS30217_MR_d0077,MCI,correct,2174,/content/drive/MyDrive/OASIS3_project/slices_multi_large/OAS30217_MR_d0077_cor087.png,images/OAS30217_MR_d0077_cor087.png,-0.5581360911002875,0.6048064512953693,-0.04667036019470461,0.17044290109275012,0.5453037026797859,0.28425339622746393,0.33011713645266644,0.44815352542550263,0.22172933812183096,1,1
OAS30217_MR_d0077,MCI,correct,2175,/content/drive/MyDrive/OASIS3_project/slices_multi_large/OAS30217_MR_d0077_cor088.png,images/OAS30217_MR_d0077_cor088.png,-0.9611931418917169,0.777496213010654,0.18369692888108802,0.10170894369227095,0.5787117983206068,0.3195792579871221,0.33011713645266644,0.44815352542550263,0.22172933812183096,1,1
OAS30217_MR_d0077,MCI,correct,2176,/content/drive/MyDrive/OASIS3_project/slices_multi_large/OAS30217_MR_d0077_cor089.png,images/OAS30217_MR_d0077_cor089.png,-0.8094092749202798,0.5656600552345938,0.24374921968600283,0.12784385129383172,0.5056672971975228,0.36648885150864546,0.33011713645266644,0.44815352542550263,0.22172933812183096,1,1
OAS30217_MR_d0077,MCI,correct,2177,/content/drive/MyDrive/OASIS3_project/slices_multi_large/OAS30217_MR_d0077_cor090.png,images/OAS30217_MR_d0077_cor090.png,-0.6247578265998458,1.3428183544216632,-0.718060527821852,0.11032370830226527,0.7891804705765848,0.10049582112114995,0.33011713645266644,0.44815352542550263,0.22172933812183096,1,1
OAS30217_MR_d0077,MCI,correct,2178,/content/drive/MyDrive/OASIS3_project/slices_multi_large/OAS30217_MR_d0077_cor091.png,images/OAS30217_MR_d0077_cor091.png,-0.7278841268568179,0.65549351437731,0.07239061247943701,0.13860969480073532,0.552823992674974,0.3085663125242907,0.33011713645266644,0.44815352542550263,0.22172933812183096,1,1
OAS30217_MR_d0077,MCI,correct,2179,/content/drive/MyDrive/OASIS3_project/slices_multi_large/OAS30217_MR_d0077_cor092.png,images/OAS30217_MR_d0077_cor092.png,-0.5413659610660406,0.6056043323477109,-0.06423837128129606,0.17360875937489778,0.5466313091070898,0.27975993151801243,0.33011713645266644,0.44815352542550263,0.22172933812183096,1,1
OAS30217_MR_d0077,MCI,correct,2180,/content/drive/MyDrive/OASIS3_project/slices_multi_large/OAS30217_MR_d0077_cor093.png,images/OAS30217_MR_d0077_cor093.png,-0.32570187395207784,0.565567195344485,-0.23986532139221273,0.2208553641702649,0.5384943991966608,0.24065023663307436,0.33011713645266644,0.44815352542550263,0.22172933812183096,1,1
OAS30217_MR_d0077,MCI,correct,2181,/content/drive/MyDrive/OASIS3_project/slices_multi_large/OAS30217_MR_d0077_cor094.png,images/OAS30217_MR_d0077_cor094.png,0.1051959435039117,-0.1286720958510144,0.023476152347242762,0.3685961403817577,0.2917314055091336,0.3396724541091086,0.33011713645266644,0.44815352542550263,0.22172933812183096,1,1
OAS30217_MR_d0077,MCI,correct,2182,/content/drive/MyDrive/OASIS3_project/slices_multi_large/OAS30217_MR_d0077_cor095.png,images/OAS30217_MR_d0077_cor095.png,0.40692470659863206,-0.21092806466758546,-0.19599664193109267,0.4793148158750815,0.2583989855232919,0.2622861986016266,0.33011713645266644,0.44815352542550263,0.22172933812183096,1,1
OAS30051_MR_d1286,MCI,incorrect,2037,/content/drive/MyDrive/OASIS3_project/slices_multi_large/OAS30051_MR_d1286_cor076.png,images/OAS30051_MR_d1286_cor076.png,1.1498164647422338,-0.48211671065459266,-0.6676997540875248,0.7363879453723652,0.14400152706740338,0.1196105275602314,0.7580208956402751,0.1868006253390958,0.05517847902062903,1,0
OAS30051_MR_d1286,MCI,incorrect,2038,/content/drive/MyDrive/OASIS3_project/slices_multi_large/OAS30051_MR_d1286_cor077.png,images/OAS30051_MR_d1286_cor077.png,0.9084440011661576,-0.6580464032127169,-0.2503975979534455,0.6567600311242849,0.13711613918106771,0.20612382969464735,0.7580208956402751,0.1868006253390958,0.05517847902062903,1,0
OAS30051_MR_d1286,MCI,incorrect,2039,/content/drive/MyDrive/OASIS3_project/slices_multi_large/OAS30051_MR_d1286_cor078.png,images/OAS30051_MR_d1286_cor078.png,0.6130025507544379,-0.08464163383511253,-0.528360916919406,0.5503153905758758,0.27392308812077965,0.17576152130334458,0.7580208956402751,0.1868006253390958,0.05517847902062903,1,0
OAS30051_MR_d1286,MCI,incorrect,2040,/content/drive/MyDrive/OASIS3_project/slices_multi_large/OAS30051_MR_d1286_cor079.png,images/OAS30051_MR_d1286_cor079.png,1.1449945474261023,-0.1004251588778487,-1.044569388548303,0.7143950958285096,0.20561725568599584,0.07998764848549457,0.7580208956402751,0.1868006253390958,0.05517847902062903,1,0
OAS30051_MR_d1286,MCI,incorrect,2041,/content/drive/MyDrive/OASIS3_project/slices_multi_large/OAS30051_MR_d1286_cor080.png,images/OAS30051_MR_d1286_cor080.png,1.2373017033359064,0.0458954887718343,-1.283197192107771,0.722432043689421,0.21947035003447946,0.05809760627609945,0.7580208956402751,0.1868006253390958,0.05517847902062903,1,0
OAS30051_MR_d1286,MCI,incorrect,2042,/content/drive/MyDrive/OASIS3_project/slices_multi_large/OAS30051_MR_d1286_cor081.png,images/OAS30051_MR_d1286_cor081.png,1.4647943398768062,-0.497464747464822,-0.9673295924122801,0.8140732984312061,0.11441032425062267,0.07151637731817109,0.7580208956402751,0.1868006253390958,0.05517847902062903,1,0
OAS30051_MR_d1286,MCI,incorrect,2043,/content/drive/MyDrive/OASIS3_project/slices_multi_large/OAS30051_MR_d1286_cor082.png,images/OAS30051_MR_d1286_cor082.png,1.0750518871526644,-0.14543364415489785,-0.9296182429978167,0.6994026352184781,0.2063845262632007,0.0942128385183212,0.7580208956402751,0.1868006253390958,0.05517847902062903,1,0
OAS30051_MR_d1286,MCI,incorrect,2044,/content/drive/MyDrive/OASIS3_project/slices_multi_large/OAS30051_MR_d1286_cor083.png,images/OAS30051_MR_d1286_cor083.png,0.9279423429356961,0.18179764949022864,-1.109739992425931,0.6232387238877939,0.29553430939682435,0.0812269667153817,0.7580208956402751,0.1868006253390958,0.05517847902062903,1,0
OAS30051_MR_d1286,MCI,incorrect,2045,/content/drive/MyDrive/OASIS3_project/slices_multi_large/OAS30051_MR_d1286_cor084.png,images/OAS30051_MR_d1286_cor084.png,0.9966508765400555,-0.10528677031039796,-0.8913641062295509,0.6740367151534636,0.22393300809046773,0.10203027675606859,0.7580208956402751,0.1868006253390958,0.05517847902062903,1,0
OAS30051_MR_d1286,MCI,incorrect,2046,/content/drive/MyDrive/OASIS3_project/slices_multi_large/OAS30051_MR_d1286_cor085.png,images/OAS30051_MR_d1286_cor085.png,1.8889148858383362,0.13960724164177513,-2.0285221274797323,0.8376708551928321,0.14566618574446547,0.016662959062702286,0.7580208956402751,0.1868006253390958,0.05517847902062903,1,0
OAS30051_MR_d1286,MCI,incorrect,2047,/content/drive/MyDrive/OASIS3_project/slices_multi_large/OAS30051_MR_d1286_cor086.png,images/OAS30051_MR_d1286_cor086.png,1.7291650580489728,0.12206201588801097,-1.8512270739367094,0.8141119539760906,0.16320300412374716,0.022685041900162434,0.7580208956402751,0.1868006253390958,0.05517847902062903,1,0
OAS30051_MR_d1286,MCI,incorrect,2048,/content/drive/MyDrive/OASIS3_project/slices_multi_large/OAS30051_MR_d1286_cor087.png,images/OAS30051_MR_d1286_cor087.png,1.3972581622492868,0.009112396451895821,-1.4063705587009299,0.7632845612729496,0.19046818000349527,0.046247258723554965,0.7580208956402751,0.1868006253390958,0.05517847902062903,1,0
OAS30051_MR_d1286,MCI,incorrect,2049,/content/drive/MyDrive/OASIS3_project/slices_multi_large/OAS30051_MR_d1286_cor088.png,images/OAS30051_MR_d1286_cor088.png,1.4284793053343985,0.2513644635453283,-1.6798437688794312,0.7391844141833989,0.227791922946208,0.033023662870393246,0.7580208956402751,0.1868006253390958,0.05517847902062903,1,0
OAS30051_MR_d1286,MCI,incorrect,2050,/content/drive/MyDrive/OASIS3_project/slices_multi_large/OAS30051_MR_d1286_cor089.png,images/OAS30051_MR_d1286_cor089.png,1.402862773676508,0.012572731360219247,-1.4154355050365925,0.7641109119572849,0.1902659649831552,0.045623123059559775,0.7580208956402751,0.1868006253390958,0.05517847902062903,1,0
OAS30051_MR_d1286,MCI,incorrect,2051,/content/drive/MyDrive/OASIS3_project/slices_multi_large/OAS30051_MR_d1286_cor090.png,images/OAS30051_MR_d1286_cor090.png,1.343892349614221,0.48512361703494083,-1.8290159666492034,0.6823306844954473,0.2890922040480232,0.028577111456529424,0.7580208956402751,0.1868006253390958,0.05517847902062903,1,0
OAS30051_MR_d1286,MCI,incorrect,2052,/content/drive/MyDrive/OASIS3_project/slices_multi_large/OAS30051_MR_d1286_cor091.png,images/OAS30051_MR_d1286_cor091.png,1.2295415827133929,0.3519628555758318,-1.5815044382892798,0.6775386869801691,0.2817127476803239,0.04074856533950715,0.7580208956402751,0.1868006253390958,0.05517847902062903,1,0
OAS30051_MR_d1286,MCI,incorrect,2053,/content/drive/MyDrive/OASIS3_project/slices_multi_large/OAS30051_MR_d1286_cor092.png,images/OAS30051_MR_d1286_cor092.png,1.7923935100582575,0.20336136291380663,-1.9957548729723258,0.81515499898248,0.16639194683880373,0.018453054178716254,0.7580208956402751,0.1868006253390958,0.05517847902062903,1,0
OAS30051_MR_d1286,MCI,incorrect,2054,/content/drive/MyDrive/OASIS3_project/slices_multi_large/OAS30051_MR_d1286_cor093.png,images/OAS30051_MR_d1286_cor093.png,1.7169128230175978,0.034390558617238776,-1.7513033816349264,0.8216406538259082,0.15274668172952546,0.025612664444566495,0.7580208956402751,0.1868006253390958,0.05517847902062903,1,0
OAS30051_MR_d1286,MCI,incorrect,2055,/content/drive/MyDrive/OASIS3_project/slices_multi_large/OAS30051_MR_d1286_cor094.png,images/OAS30051_MR_d1286_cor094.png,1.914261940239736,-0.07662815359730618,-1.8376337866423933,0.8620340288472073,0.11773126979297559,0.02023470135981708,0.7580208956402751,0.1868006253390958,0.05517847902062903,1,0
OAS30051_MR_d1286,MCI,incorrect,2056,/content/drive/MyDrive/OASIS3_project/slices_multi_large/OAS30051_MR_d1286_cor095.png,images/OAS30051_MR_d1286_cor095.png,2.9043777071915797,-0.2865976765803078,-2.6177800306113657,0.9568197340492185,0.03935565300989873,0.0038246129408827365,0.7580208956402751,0.1868006253390958,0.05517847902062903,1,0
OAS30051_MR_d1286,MCI,incorrect,2057,/content/drive/MyDrive/OASIS3_project/slices_multi_large/OAS30051_MR_d1286_cor096.png,images/OAS30051_MR_d1286_cor096.png,1.8171339810092575,0.23349669459413896,-2.050630675603311,0.8155726646199459,0.1673777503357387,0.01704958504431547,0.7580208956402751,0.1868006253390958,0.05517847902062903,1,0
OAS30051_MR_d1286,MCI,incorrect,2058,/content/drive/MyDrive/OASIS3_project/slices_multi_large/OAS30051_MR_d1286_cor097.png,images/OAS30051_MR_d1286_cor097.png,1.5500323018718745,0.4053673418984464,-1.9553996437701429,0.7416393048922629,0.2360864503516911,0.022274244756045822,0.7580208956402751,0.1868006253390958,0.05517847902062903,1,0
OAS30051_MR_d1286,MCI,incorrect,2059,/content/drive/MyDrive/OASIS3_project/slices_multi_large/OAS30051_MR_d1286_cor098.png,images/OAS30051_MR_d1286_cor098.png,2.0276995015154857,0.1330149099219579,-2.1607144114374766,0.8579742969042446,0.1290099522302647,0.013015750865490528,0.7580208956402751,0.1868006253390958,0.05517847902062903,1,0
OAS30051_MR_d1286,MCI,incorrect,2060,/content/drive/MyDrive/OASIS3_project/slices_multi_large/OAS30051_MR_d1286_cor099.png,images/OAS30051_MR_d1286_cor099.png,1.2892106245440536,0.17888655916322832,-1.4680971837074352,0.7179191176904061,0.23652001819148338,0.04556086411811067,0.7580208956402751,0.1868006253390958,0.05517847902062903,1,0
OAS30051_MR_d1286,MCI,incorrect,2061,/content/drive/MyDrive/OASIS3_project/slices_multi_large/OAS30051_MR_d1286_cor100.png,images/OAS30051_MR_d1286_cor100.png,1.5842614857136632,0.27372360055021777,-1.8579850862639762,0.7682452324736033,0.20717650479957442,0.024578262726822186,0.7580208956402751,0.1868006253390958,0.05517847902062903,1,0
OAS30051_MR_d1286,MCI,incorrect,2062,/content/drive/MyDrive/OASIS3_project/slices_multi_large/OAS30051_MR_d1286_cor101.png,images/OAS30051_MR_d1286_cor101.png,1.9719585844049812,-0.24797034151394498,-1.72398824289112,0.8822693070223087,0.09582929391627491,0.021901399061416416,0.7580208956402751,0.1868006253390958,0.05517847902062903,1,0
OAS30661_MR_d0057,AD,correct,1277,/content/drive/MyDrive/OASIS3_project/slices_multi_large/OAS30661_MR_d0057_cor076.png,images/OAS30661_MR_d0057_cor076.png,1.1992879268077385,-0.2967265364520865,-0.902561390356056,0.7428033102804661,0.16640370981474994,0.09079297990478392,0.2564732522019813,0.35597896090464787,0.3875477868933708,2,2
OAS30661_MR_d0057,AD,correct,1278,/content/drive/MyDrive/OASIS3_project/slices_multi_large/OAS30661_MR_d0057_cor077.png,images/OAS30661_MR_d0057_cor077.png,0.8903270987988068,-0.07364658488048853,-0.8166805139186862,0.6398844180657204,0.24403554223741786,0.11608003969686172,0.2564732522019813,0.35597896090464787,0.3875477868933708,2,2
OAS30661_MR_d0057,AD,correct,1279,/content/drive/MyDrive/OASIS3_project/slices_multi_large/OAS30661_MR_d0057_cor078.png,images/OAS30661_MR_d0057_cor078.png,0.1971270593837694,0.17488941277606612,-0.3720164721598641,0.3930790125319046,0.38443433524075377,0.2224866522273417,0.2564732522019813,0.35597896090464787,0.3875477868933708,2,2
OAS30661_MR_d0057,AD,correct,1280,/content/drive/MyDrive/OASIS3_project/slices_multi_large/OAS30661_MR_d0057_cor079.png,images/OAS30661_MR_d0057_cor079.png,0.1466892960106062,0.24659657490806947,-0.3932858709182637,0.3720471767796107,0.4111375970303129,0.21681522619007657,0.2564732522019813,0.35597896090464787,0.3875477868933708,2,2
OAS30661_MR_d0057,AD,correct,1281,/content/drive/MyDrive/OASIS3_project/slices_multi_large/OAS30661_MR_d0057_cor080.png,images/OAS30661_MR_d0057_cor080.png,-0.18663265521699812,0.1624536201626478,0.02417903505446517,0.27378872662208126,0.3881698546775181,0.3380414187004008,0.2564732522019813,0.35597896090464787,0.3875477868933708,2,2
OAS30661_MR_d0057,AD,correct,1282,/content/drive/MyDrive/OASIS3_project/slices_multi_large/OAS30661_MR_d0057_cor081.png,images/OAS30661_MR_d0057_cor081.png,0.23057062345403506,0.08154378638325616,-0.31211440983718364,0.4093777561211232,0.35269776549868886,0.23792447838018801,0.2564732522019813,0.35597896090464787,0.3875477868933708,2,2
OAS30661_MR_d0057,AD,correct,1283,/content/drive/MyDrive/OASIS3_project/slices_multi_large/OAS30661_MR_d0057_cor082.png,images/OAS30661_MR_d0057_cor082.png,0.26517265573433046,0.36571909407793385,-0.6308917498123204,0.39778071825255246,0.43985597009427946,0.16236331165316814,0.2564732522019813,0.35597896090464787,0.3875477868933708,2,2
OAS30661_MR_d0057,AD,correct,1284,/content/drive/MyDrive/OASIS3_project/slices_multi_large/OAS30661_MR_d0057_cor083.png,images/OAS30661_MR_d0057_cor083.png,0.6965491096645283,0.4400231446701148,-1.1365722543343937,0.5171570621429654,0.40014246997294006,0.08270046788409464,0.2564732522019813,0.35597896090464787,0.3875477868933708,2,2
OAS30661_MR_d0057,AD,correct,1285,/content/drive/MyDrive/OASIS3_project/slices_multi_large/OAS30661_MR_d0057_cor084.png,images/OAS30661_MR_d0057_cor084.png,-0.4741733062630198,0.5208625338399355,-0.04668922757648286,0.19090468799609397,0.5163630626610891,0.292732249342817,0.2564732522019813,0.35597896090464787,0.3875477868933708,2,2
OAS30661_MR_d0057,AD,correct,1286,/content/drive/MyDrive/OASIS3_project/slices_multi_large/OAS30661_MR_d0057_cor085.png,images/OAS30661_MR_d0057_cor085.png,0.3289097040398469,-0.6569714916568741,0.328061787617031,0.42153846721095595,0.15728034347498102,0.42118118931406306,0.2564732522019813,0.35597896090464787,0.3875477868933708,2,2
OAS30661_MR_d0057,AD,correct,1287,/content/drive/MyDrive/OASIS3_project/slices_multi_large/OAS30661_MR_d0057_cor086.png,images/OAS30661_MR_d0057_cor086.png,0.5413725698247182,-0.8958156943064544,0.3544431244818126,0.4837702029424637,0.11494132060493747,0.40128847645259885,0.2564732522019813,0.35597896090464787,0.3875477868933708,2,2
OAS30661_MR_d0057,AD,correct,1288,/content/drive/MyDrive/OASIS3_project/slices_multi_large/OAS30661_MR_d0057_cor087.png,images/OAS30661_MR_d0057_cor087.png,-0.7703787387276096,0.196884984927014,0.573493753800513,0.13396569470792097,0.3524284000471974,0.5136059052448816,0.2564732522019813,0.35597896090464787,0.3875477868933708,2,2
OAS30661_MR_d0057,AD,correct,1289,/content/drive/MyDrive/OASIS3_project/slices_multi_large/OAS30661_MR_d0057_cor088.png,images/OAS30661_MR_d0057_cor088.png,-0.4311323946035436,0.713318793096845,-0.28218639849328453,0.18863199725377075,0.5924397619290426,0.21892824081718673,0.2564732522019813,0.35597896090464787,0.3875477868933708,2,2
OAS30661_MR_d0057,AD,correct,1290,/content/drive/MyDrive/OASIS3_project/slices_multi_large/OAS30661_MR_d0057_cor089.png,images/OAS30661_MR_d0057_cor089.png,-0.5983166564440777,0.6042275943580218,-0.005910937913713554,0.16294849657059698,0.5423862737075953,0.2946652297218078,0.2564732522019813,0.35597896090464787,0.3875477868933708,2,2
OAS30661_MR_d0057,AD,correct,1291,/content/drive/MyDrive/OASIS3_project/slices_multi_large/OAS30661_MR_d0057_cor090.png,images/OAS30661_MR_d0057_cor090.png,-1.0853085641034426,0.4246135912892114,0.6606949728145465,0.0888254955965879,0.40205780698696103,0.509116697416451,0.2564732522019813,0.35597896090464787,0.3875477868933708,2,2
OAS30661_MR_d0057,AD,correct,1292,/content/drive/MyDrive/OASIS3_project/slices_multi_large/OAS30661_MR_d0057_cor091.png,images/OAS30661_MR_d0057_cor091.png,-0.8110253019645327,0.3869306467294255,0.42409465523540957,0.12899683190006692,0.4274100230556053,0.4435931450443277,0.2564732522019813,0.35597896090464787,0.3875477868933708,2,2
OAS30661_MR_d0057,AD,correct,1293,/content/drive/MyDrive/OASIS3_project/slices_multi_large/OAS30661_MR_d0057_cor092.png,images/OAS30661_MR_d0057_cor092.png,-0.8923642637671897,0.2271864450519886,0.66517781871558,0.11349943793040113,0.34770297443306125,0.5387975876365376,0.2564732522019813,0.35597896090464787,0.3875477868933708,2,2
OAS30661_MR_d0057,AD,correct,1294,/content/drive/MyDrive/OASIS3_project/slices_multi_large/OAS30661_MR_d0057_cor093.png,images/OAS30661_MR_d0057_cor093.png,-0.5021270027006602,-0.14956303869498205,0.6516900413962018,0.1787955116175802,0.2543742794642964,0.5668302089181233,0.2564732522019813,0.35597896090464787,0.3875477868933708,2,2
OAS30661_MR_d0057,AD,correct,1295,/content/drive/MyDrive/OASIS3_project/slices_multi_large/OAS30661_MR_d0057_cor094.png,images/OAS30661_MR_d0057_cor094.png,-0.9770934955354657,-0.21669285292513435,1.1937863484611637,0.08399742797404826,0.17968167653688638,0.7363208954890654,0.2564732522019813,0.35597896090464787,0.3875477868933708,2,2
OAS30661_MR_d0057,AD,correct,1296,/content/drive/MyDrive/OASIS3_project/slices_multi_large/OAS30661_MR_d0057_cor095.png,images/OAS30661_MR_d0057_cor095.png,-1.1821289471354777,0.08959159102913267,1.092537356106991,0.06997088890278177,0.24958507047330555,0.6804440406239126,0.2564732522019813,0.35597896090464787,0.3875477868933708,2,2
OAS30661_MR_d0057,AD,correct,1297,/content/drive/MyDrive/OASIS3_project/slices_multi_large/OAS30661_MR_d0057_cor096.png,images/OAS30661_MR_d0057_cor096.png,-0.6005756569498811,-0.16934076558536387,0.7699164225356051,0.15440570302122245,0.23765462516054692,0.6079396718182307,0.2564732522019813,0.35597896090464787,0.3875477868933708,2,2
OAS30661_MR_d0057,AD,correct,1298,/content/drive/MyDrive/OASIS3_project/slices_multi_large/OAS30661_MR_d0057_cor097.png,images/OAS30661_MR_d0057_cor097.png,-1.0755491897349092,0.5297928054911867,0.5457563842439442,0.09058583038025195,0.45107778570360624,0.4583363839161418,0.2564732522019813,0.35597896090464787,0.3875477868933708,2,2
OAS30661_MR_d0057,AD,correct,1299,/content/drive/MyDrive/OASIS3_project/slices_multi_large/OAS30661_MR_d0057_cor098.png,images/OAS30661_MR_d0057_cor098.png,-1.0157680726848377,0.6409270759763699,0.37484099670892224,0.09747297022550735,0.5109492446711155,0.39157778510337715,0.2564732522019813,0.35597896090464787,0.3875477868933708,2,2
OAS30661_MR_d0057,AD,correct,1300,/content/drive/MyDrive/OASIS3_project/slices_multi_large/OAS30661_MR_d0057_cor099.png,images/OAS30661_MR_d0057_cor099.png,-0.5771963561822827,0.11878481242153277,0.45841154376097315,0.17174770593081784,0.34447025444563667,0.4837820396235453,0.2564732522019813,0.35597896090464787,0.3875477868933708,2,2
OAS30661_MR_d0057,AD,correct,1301,/content/drive/MyDrive/OASIS3_project/slices_multi_large/OAS30661_MR_d0057_cor100.png,images/OAS30661_MR_d0057_cor100.png,-1.0610677735338716,0.22286000889860108,0.8382077646354299,0.08855947248842448,0.31977004057930153,0.5916704869322741,0.2564732522019813,0.35597896090464787,0.3875477868933708,2,2
OAS30661_MR_d0057,AD,correct,1302,/content/drive/MyDrive/OASIS3_project/slices_multi_large/OAS30661_MR_d0057_cor101.png,images/OAS30661_MR_d0057_cor101.png,-1.2246493969682226,0.6228787747699068,0.6017706221986207,0.07376955380559416,0.46800279501901654,0.4582276511753892,0.2564732522019813,0.35597896090464787,0.3875477868933708,2,2
OAS30100_MR_d0158,AD,incorrect,4143,/content/drive/MyDrive/OASIS3_project/slices_multi_large/OAS30100_MR_d0158_cor072.png,images/OAS30100_MR_d0158_cor072.png,1.8528030442513588,-0.33623289840540377,-1.5165701458462628,0.872268571359372,0.09771562049492988,0.03001580814569802,0.7132610106724648,0.21862336810264757,0.06811562122488768,2,0
OAS30100_MR_d0158,AD,incorrect,4144,/content/drive/MyDrive/OASIS3_project/slices_multi_large/OAS30100_MR_d0158_cor073.png,images/OAS30100_MR_d0158_cor073.png,1.8851752199407188,0.045288777466609476,-1.9304639974076552,0.8468410879735407,0.13450839548691415,0.018650516539545147,0.7132610106724648,0.21862336810264757,0.06811562122488768,2,0
OAS30100_MR_d0158,AD,incorrect,4145,/content/drive/MyDrive/OASIS3_project/slices_multi_large/OAS30100_MR_d0158_cor074.png,images/OAS30100_MR_d0158_cor074.png,1.3504749928710589,0.23603356443306328,-1.586508557304438,0.7240479857737896,0.23755905387091317,0.038392960355297115,0.7132610106724648,0.21862336810264757,0.06811562122488768,2,0
OAS30100_MR_d0158,AD,incorrect,4146,/content/drive/MyDrive/OASIS3_project/slices_multi_large/OAS30100_MR_d0158_cor075.png,images/OAS30100_MR_d0158_cor075.png,1.1754897205027313,0.5005392550608561,-1.6760289755638555,0.6381872697302478,0.32495324194975084,0.03685948832000142,0.7132610106724648,0.21862336810264757,0.06811562122488768,2,0
OAS30100_MR_d0158,AD,incorrect,4147,/content/drive/MyDrive/OASIS3_project/slices_multi_large/OAS30100_MR_d0158_cor076.png,images/OAS30100_MR_d0158_cor076.png,1.297361517820594,0.13900467737246613,-1.4363661951931985,0.7251745543779856,0.22770605166718458,0.04711939395482982,0.7132610106724648,0.21862336810264757,0.06811562122488768,2,0
OAS30100_MR_d0158,AD,incorrect,4148,/content/drive/MyDrive/OASIS3_project/slices_multi_large/OAS30100_MR_d0158_cor077.png,images/OAS30100_MR_d0158_cor077.png,1.6104075492933978,0.33674849065082996,-1.947156039944272,0.7643424360248616,0.21386753858440546,0.021790025390732742,0.7132610106724648,0.21862336810264757,0.06811562122488768,2,0
OAS30100_MR_d0158,AD,incorrect,4149,/content/drive/MyDrive/OASIS3_project/slices_multi_large/OAS30100_MR_d0158_cor078.png,images/OAS30100_MR_d0158_cor078.png,1.0167326449432827,-0.01905369231444204,-0.9976789526292033,0.6718867629986525,0.238484300370743,0.08962893663060455,0.7132610106724648,0.21862336810264757,0.06811562122488768,2,0
OAS30100_MR_d0158,AD,incorrect,4150,/content/drive/MyDrive/OASIS3_project/slices_multi_large/OAS30100_MR_d0158_cor079.png,images/OAS30100_MR_d0158_cor079.png,1.2644533818267814,-0.11630069402611903,-1.1481526878010833,0.7457285880253814,0.18746790082014542,0.06680351115447304,0.7132610106724648,0.21862336810264757,0.06811562122488768,2,0
OAS30100_MR_d0158,AD,incorrect,4151,/content/drive/MyDrive/OASIS3_project/slices_multi_large/OAS30100_MR_d0158_cor080.png,images/OAS30100_MR_d0158_cor080.png,1.511422172237967,-0.1022235556643723,-1.4091986165736015,0.7980461141660884,0.15893902769409954,0.04301485813981213,0.7132610106724648,0.21862336810264757,0.06811562122488768,2,0
OAS30100_MR_d0158,AD,incorrect,4152,/content/drive/MyDrive/OASIS3_project/slices_multi_large/OAS30100_MR_d0158_cor081.png,images/OAS30100_MR_d0158_cor081.png,1.9490976712336723,-0.08430761692588357,-1.8647900543076523,0.8673393331234023,0.11352521828044616,0.01913544859615158,0.7132610106724648,0.21862336810264757,0.06811562122488768,2,0
OAS30100_MR_d0158,AD,incorrect,4153,/content/drive/MyDrive/OASIS3_project/slices_multi_large/OAS30100_MR_d0158_cor082.png,images/OAS30100_MR_d0158_cor082.png,1.3536151478406984,-0.3142245628059897,-1.039390585034349,0.7812445945391839,0.14738505316486503,0.07137035229595096,0.7132610106724648,0.21862336810264757,0.06811562122488768,2,0
OAS30100_MR_d0158,AD,incorrect,4154,/content/drive/MyDrive/OASIS3_project/slices_multi_large/OAS30100_MR_d0158_cor083.png,images/OAS30100_MR_d0158_cor083.png,1.2951044176280595,0.12691258549738663,-1.4220170031250072,0.7262199471906557,0.22580258376720116,0.04797746904214309,0.7132610106724648,0.21862336810264757,0.06811562122488768,2,0
OAS30100_MR_d0158,AD,incorrect,4155,/content/drive/MyDrive/OASIS3_project/slices_multi_large/OAS30100_MR_d0158_cor084.png,images/OAS30100_MR_d0158_cor084.png,0.3693733600731762,0.44708036318052874,-0.8164537232532779,0.41905890880325103,0.45292135763144564,0.12801973356530316,0.7132610106724648,0.21862336810264757,0.06811562122488768,2,0
OAS30100_MR_d0158,AD,incorrect,4156,/content/drive/MyDrive/OASIS3_project/slices_multi_large/OAS30100_MR_d0158_cor085.png,images/OAS30100_MR_d0158_cor085.png,0.25977905254377565,0.3357728862066382,-0.5955519387500156,0.39934533398184036,0.4308760125957969,0.16977865342236276,0.7132610106724648,0.21862336810264757,0.06811562122488768,2,0
OAS30100_MR_d0158,AD,incorrect,4157,/content/drive/MyDrive/OASIS3_project/slices_multi_large/OAS30100_MR_d0158_cor086.png,images/OAS30100_MR_d0158_cor086.png,0.41475928483055047,0.05306519641345103,-0.46782448124384024,0.4738869356588728,0.3300600714064881,0.19605299293463907,0.7132610106724648,0.21862336810264757,0.06811562122488768,2,0
OAS30100_MR_d0158,AD,incorrect,4158,/content/drive/MyDrive/OASIS3_project/slices_multi_large/OAS30100_MR_d0158_cor087.png,images/OAS30100_MR_d0158_cor087.png,0.9338892597725371,0.3583200760829249,-1.2922093358549942,0.5986828597745044,0.3366900670226801,0.0646270732028154,0.7132610106724648,0.21862336810264757,0.06811562122488768,2,0
OAS30100_MR_d0158,AD,incorrect,4159,/content/drive/MyDrive/OASIS3_project/slices_multi_large/OAS30100_MR_d0158_cor088.png,images/OAS30100_MR_d0158_cor088.png,0.7417942145538131,0.2891757825709406,-1.0309699971243065,0.5537639592790997,0.35217214265480157,0.09406389806609877,0.7132610106724648,0.21862336810264757,0.06811562122488768,2,0
OAS30100_MR_d0158,AD,incorrect,4160,/content/drive/MyDrive/OASIS3_project/slices_multi_large/OAS30100_MR_d0158_cor089.png,images/OAS30100_MR_d0158_cor089.png,1.2015503834231378,-0.41149724050205533,-0.7900531429205081,0.7486398530455167,0.14918847013938838,0.10217167681509484,0.7132610106724648,0.21862336810264757,0.06811562122488768,2,0
OAS30100_MR_d0158,AD,incorrect,4161,/content/drive/MyDrive/OASIS3_project/slices_multi_large/OAS30100_MR_d0158_cor090.png,images/OAS30100_MR_d0158_cor090.png,0.9590478332197346,-0.011824657772994851,-0.9472231754461365,0.6547133281133279,0.2479742677814322,0.09731240410523989,0.7132610106724648,0.21862336810264757,0.06811562122488768,2,0
OAS30100_MR_d0158,AD,incorrect,4162,/content/drive/MyDrive/OASIS3_project/slices_multi_large/OAS30100_MR_d0158_cor091.png,images/OAS30100_MR_d0158_cor091.png,1.2574436874168309,-0.02947998343115943,-1.2279637039853784,0.735612959442129,0.20311664892198877,0.06127039163588217,0.7132610106724648,0.21862336810264757,0.06811562122488768,2,0
OAS30100_MR_d0158,AD,incorrect,4163,/content/drive/MyDrive/OASIS3_project/slices_multi_large/OAS30100_MR_d0158_cor092.png,images/OAS30100_MR_d0158_cor092.png,1.8146501864675955,-0.28209082210400266,-1.5325593643631525,0.8635291071486341,0.10608987336176005,0.030381019489605844,0.7132610106724648,0.21862336810264757,0.06811562122488768,2,0
OAS30100_MR_d0158,AD,incorrect,4164,/content/drive/MyDrive/OASIS3_project/slices_multi_large/OAS30100_MR_d0158_cor093.png,images/OAS30100_MR_d0158_cor093.png,1.5717711002099142,-0.6511416327855233,-0.9206294674240662,0.8396274648423586,0.09092596156977674,0.0694465735878648,0.7132610106724648,0.21862336810264757,0.06811562122488768,2,0
OAS30100_MR_d0158,AD,incorrect,4165,/content/drive/MyDrive/OASIS3_project/slices_multi_large/OAS30100_MR_d0158_cor094.png,images/OAS30100_MR_d0158_cor094.png,1.5125833982858277,-0.3853276805986116,-1.1272557176868507,0.8188303908263884,0.12272743127625167,0.058442177897359955,0.7132610106724648,0.21862336810264757,0.06811562122488768,2,0
OAS30100_MR_d0158,AD,incorrect,4166,/content/drive/MyDrive/OASIS3_project/slices_multi_large/OAS30100_MR_d0158_cor095.png,images/OAS30100_MR_d0158_cor095.png,1.7525011733284703,-0.23798774965462904,-1.5145134236734918,0.8512459099400739,0.116304543950129,0.03244954610979717,0.7132610106724648,0.21862336810264757,0.06811562122488768,2,0
